date,tweet,word
2019-11-24 23:50:21+00:00,Very nice pic,myntra
2019-11-24 23:02:03+00:00,Hello good morning hope hubby ok-nice to see you,myntra
2019-11-24 22:37:30+00:00,Nikhil! We've responded to you via DM. Request you to check. -PH,myntra
2019-11-24 21:49:48+00:00,"hey @Uber_India, @amazonIN, @SheinIndia, @myntra, @dominos_india, @NetflixIndia and @oyorooms haaaaaaaave you met @getsimpl? #KeepItSimpl",myntra
2019-11-24 20:22:47+00:00,@myntra worst service ever. Even start-up company's service better than #Myntra,myntra
2019-11-24 20:21:03+00:00,Rish! We've responded to your tweet here: http://srkl.in/6010BIhlfo . Request you to check. -PH,myntra
2019-11-24 20:20:48+00:00,Rish! We've responded to your tweet here: http://srkl.in/6019BIhlfW . Request you to check. -PH,myntra
2019-11-24 20:20:40+00:00,Many clothing small-mall big bazaar sized stores have come up & quite a few r giving good deals on many other brands for the last 2-3 years. I've also been ordering newer brands on Myntra online &amp; buying the bulk deals at lower prices thereby not needing to buy for a long time,myntra
2019-11-24 20:20:37+00:00,Hi Rish! We've responded to your tweet here: http://srkl.in/6018BIhlfm . Request you to check. -PH,myntra
2019-11-24 20:20:30+00:00,@myntra thinks that we are fool.,myntra
2019-11-24 20:20:00+00:00,"We hear you, Rish! It is upsetting to know of the situation. That's not a legitimate offer which you received. Request you to file a complaint with the cybercrime. And in the future, in case if you receive such messages again, please contact (cont) http://srkl.in/l/6017BIhlfl",myntra
2019-11-24 20:18:33+00:00,Worst app ever. #Myntra,myntra
2019-11-24 20:16:49+00:00,@myntra Rob the customer in India like britishers.,myntra
2019-11-24 20:00:59+00:00,Since then there has been no response from @Myntra. I suspect their servers were hacked. Immediately removed my card details from my account. But i do not know if it's too late. Shoddy customer relations by them and even worse security and i am totally pissed and upset with them,myntra
2019-11-24 20:00:58+00:00,Account sent was Myntra Pvt Ltd A/C no 38293313085 IFSC Code SBIN0012502. Also said that this is a fee that is to be paid for the government and that this prize money is tax free! Called Myntra to confirm and they said they have no such offers running and gave a complaint,myntra
2019-11-24 20:00:57+00:00,"So let me tell you guys a story about how @Myntra's servers have probably got hacked. So i received an order from Myntra and a few days later I Received a SMS message and then soon a phone call saying i won 12,80,000 Rs or a Mahindra XUV 500 through a Myntra lucky draw",myntra
2019-11-24 19:40:30+00:00,Nyc,myntra
2019-11-24 19:13:30+00:00,"Hi Pankil! We understand your concern about the delay in delivery of the order. As per your claim, you couldn't reach our customer service which might have happened due to the high traffic of calls. Do not worry (cont) http://srkl.in/l/6017BIhl0R",myntra
2019-11-24 19:08:49+00:00,"@myntra @MyntraSupport I have been calling customer support.. No help received yet. Waiting for delivery, yring to contact but no boady is picking up,totally incompetent. Suppose to reach on 19 nov. Customer care why is it even there..",myntra
2019-11-24 18:59:10+00:00,"hi @Uber_India, @amazonIN, @SheinIndia, @myntra, @dominos_india, @NetflixIndia, @oyorooms, @jiosaavn and @becurefit plz get pay later option #KeepItSimpl",myntra
2019-11-24 18:55:53+00:00,Hey Rishik! We never wished to cause such an experience for you & would always make the best efforts to provide the most satisfying service. We will certainly look into this please DM us your regd E-mail ID so that (cont) http://srkl.in/l/6011BIhlI1,myntra
2019-11-24 18:51:58+00:00,"@myntra @MyntraSupport #StopFakeMarketing The coupon doesn't even work. Trying to lure customers by such cheap marketing tatics? It's 2k19, grow up! Not buying shit from you guys anymore. #Myntra #FakeSale",myntra
2019-11-24 18:17:58+00:00,@myntra @MyntraSupport I ordered one product from your site on 15 nov which showed delivery on 23 nov bt I could not get it yet Here is my order no. 1125701-8182619-9657603 can u please make it fast as I need it urgently and it's already delayed,myntra
2019-11-24 18:00:59+00:00,"That's not good to hear, Pragya! This is not the experience that we want you to have with us! We assure you, this is a one-off instance as all our products go through a stringent quality check to ensure it meets your expectations as well (cont) http://srkl.in/l/6018BIhlqr",myntra
2019-11-24 17:49:47+00:00,Thank you for the first 2 parts. 3rd part ke liye nahi ,myntra
2019-11-24 17:46:13+00:00,Toota hua pair hai memsahab..5-6 months ruk jao,myntra
2019-11-24 17:45:10+00:00,"Hi Priyam! We get your point. While we understand your situation, we have personally gone ahead and escalated this matter. Our case manager will revert with an update between 11 am to 8 pm tomorrow. Request your patience.-NS",myntra
2019-11-24 17:41:55+00:00,But you still wear those nice winter clothes!! Low key jealous of you man!!,myntra
2019-11-24 17:40:03+00:00,@myntra kindly update the pickup which was happened yesterday of yellow mustard hoodie by kook and keech,myntra
2019-11-24 17:38:29+00:00,Its like I play a game of Fire and Ice every damn day..I carry a jacket to deal with the freezing temperatures of my office though,myntra
2019-11-24 17:36:42+00:00,Atleast you have an option..yahan toh 1 sweatshirt pehen lu toh before I reach office I will be covered in sweat (yes I have tried),myntra
2019-11-24 17:35:28+00:00,Hi Saurabh! We value the importance of your concern and that's how we stay upright. Please be informed that our case manager will provide the best possible resolution to the issue. We request you to wait until the time frame as informed (cont) http://srkl.in/l/6011BIhlYS,myntra
2019-11-24 17:34:04+00:00,"The worst is, those clothes look damn nice ya..but pehnu kab ",myntra
2019-11-24 17:32:20+00:00,"Ravi, we have addressed your concern via DM. Kindly have a check. Further, we request you to refrain from sharing any order related or personal account details on the public post for security purposes and suggest you hide/remove any (cont) http://srkl.in/l/6012BIhlYE",myntra
2019-11-24 17:32:06+00:00,I hope the case manager is able to justify & provide an explanation on the flaw in delivery.,myntra
2019-11-24 17:24:48+00:00,I haven't been to an offline store in a while due to my knee surgery..but if that's the case then that's just rubbing salt on wounds!!,myntra
2019-11-24 17:20:20+00:00,"Thanks for bringing this to our notice, Praveen! Kindly give us a chance to look into it by providing us with your registered email address via DM so that we can check and assist you accordingly. -PH",myntra
2019-11-24 17:14:53+00:00,"@myntra are you high on weed? It was ₹1,214 before applying coupon and it became ₹1,255 after applying myntranew500 ",myntra
2019-11-24 17:09:36+00:00,"Thank you for sharing the details, Saurabh! We definitely didn't intend this unpleasant experience and we apologize for the inconvenience caused to you. We have arranged for a call from one of our case managers, and they will connect with (cont) http://srkl.in/l/6018BIhl5C",myntra
2019-11-24 16:57:18+00:00,When the world of notifications keeps getting better. Advertising meets creativity! Great 1 @myntra #creativity #Advertising #DigitalIndia,myntra
2019-11-24 16:56:40+00:00,Please find the order details. Please provide an explanation on missing tags & labels and suggest how shuld I verify autencity of shoes. @SkechersIndia @SKECHERSUSA,myntra
2019-11-24 16:53:10+00:00,Nice,myntra
2019-11-24 16:26:11+00:00,Yamini! It's wonderful to know that you are happy with the product received. Myntra values put customer satisfaction as a top priority and we are committed to our customers. Its customers like you that make our job wonderful. We look forward to serving you again. -NS,myntra
2019-11-24 16:23:29+00:00,Hey @myntra It is truely satisfactory product.. Love its comfortability and looks Worth the Money.. ,myntra
2019-11-24 16:23:18+00:00,Life just can’t be better than this.. living every moment with you two my gals.. . #aartimahajandingra #happiness #lifeisgood #jammu #jammukashmir #smile #koovs #koovsfashion #shein #sheinofficial #myntra… https://www.instagram.com/p/B5QTaisFETD/?igshid=1ccq2mz6dhimx,myntra
2019-11-24 16:22:29+00:00,Daer इनसे कुछ मत खरीदो वरना पछतावा होगा ये लोग फ्रॉड है आप खुद इनकी तारीफ देख सकती हो,myntra
2019-11-24 16:18:03+00:00,"That's not good to hear, Preksha. This is not the experience that we want you to have with us! We assure you, this is a one-off instance as all our products go through a stringent quality check to ensure it meets (cont) http://srkl.in/l/6015BIhlX3",myntra
2019-11-24 16:15:11+00:00,Sure.. my boycott continues!!!,myntra
2019-11-24 16:14:43+00:00,"hey @Uber_India, @amazonIN, @SheinIndia, @myntra, @hotstartweets, @oyorooms, @jiosaavn and @becurefit haaaaaaaave you met @getsimpl? #KeepItSimpl",myntra
2019-11-24 16:11:32+00:00,"You're welcome, Arpita! -KS",myntra
2019-11-24 16:05:18+00:00,A day full of life . #aartimahajandingra #positivevibes #happiness #smile #lifeisbeautiful #koovsfashion #koovs #koovswoman #shein #sheinindia #myntra #justdoit #liveyourlife #sunday #frienddayout @Jammu https://www.instagram.com/p/B5QRWh5lr3X/?igshid=cid4eec9in6y,myntra
2019-11-24 16:05:12+00:00,I asked is there any escalation procedure,myntra
2019-11-24 16:04:23+00:00,"Don't give space for panic, Arpita! Not to worry, your order shall be delivered to you on or before the promised date. If you wish to know the status of the order please provide us your registered email ID and order (cont) http://srkl.in/l/6014BIhlpm",myntra
2019-11-24 16:02:37+00:00,"Whoa, Saurabh! That's not the type of product we intended to deliver. We request you to DM us the order number and the regd email ID so that we can escalate your issue. -NS",myntra
2019-11-24 16:00:19+00:00,"There are no brand tags, silica gel in the box. If it's original let me know why the tags & labels are missing. Brands usually takes the labels and logo very seriously @SkechersIndia @SKECHERSUSA",myntra
2019-11-24 15:55:49+00:00,Hey Harsh! We have replied to you here - http://srkl.in/6013BIhlrU Please check. -AO,myntra
2019-11-24 15:55:24+00:00,Hey Harsh! We wish we had an option to get that for you at the same price. The price of products may vary as offers are time-based. We have a lot more coming up! Stay tuned. Request your understanding. -AO,myntra
2019-11-24 15:52:43+00:00,Arpita! We are sorry to know that. Please be informed that we will not be able to change the email ID on the account once its generated. We request you to create a new Myntra account with the correct email ID. In case if you have balance (cont) http://srkl.in/l/6015BIhlrX,myntra
2019-11-24 15:51:36+00:00,Looks like asking for the same price is too much ask as per you..,myntra
2019-11-24 15:50:49+00:00,"Pls stop harping the same point..I am not putting any order with myntra.. and for your information, your coupons you gave me were good for nothing..I have not used those and I will not use those.. all I wanted was give me my products away the same price which I gave initially..",myntra
2019-11-24 15:50:21+00:00,"Myntra needs to change this logo,no? #joke #logo",myntra
2019-11-24 15:49:17+00:00,We've replied to your post. Kindly check the same using the link below. http://srkl.in/6012BIhlRq - AJ,myntra
2019-11-24 15:48:58+00:00,"To hear such feedback is very upsetting and is certainly not the impression we want you to have of us, Saurabh! Please note that the products that we sell are 100% original and are procured from the respective brands. Also, please be informed (cont) http://srkl.in/l/6011BIhlRU",myntra
2019-11-24 15:48:47+00:00,"We realize that this situation is difficult, Harsh! We request you to place a fresh order we will deliver them at the earliest. As a token of apology, we have issued some coupons which are reflecting in your account. Sadly, we will not (cont) http://srkl.in/l/6019BIhlRW",myntra
2019-11-24 15:43:01+00:00,"Purchased this from @myntra. Horrible packing, no Skechers tag and no product box. Looks fake,pls help @SKECHERSUSA",myntra
2019-11-24 15:42:56+00:00,@myntra @SkechersIndia @SKECHERSUSA,myntra
2019-11-24 15:40:26+00:00,You still did not see what all happened in my case and what I asked.. anyways leave it..,myntra
2019-11-24 15:32:09+00:00,"Harsh, as much as we’d love to help, your request is beyond what we’re able to do for customers. Request you to place a fresh order using the coupon shared & we will be happy to serve you again.",myntra
2019-11-24 15:30:51+00:00,"Myntra Sale Live Upto 70% OFF on HRX T-Shirt Limited Stocks Available, Buy Now! https://ekaro.in/enkr2019112431853306",myntra
2019-11-24 15:27:38+00:00,"Abhishek! Thank you for confirming your convenient time. We have forwarded the request. Our case manager will contact you post, 11 am tomorrow. Please bear with us. -NS",myntra
2019-11-24 15:25:57+00:00,"Looks like you didn't even bother to check my case at all.. anyways, I didn't even expect anything better from you..I will keep tweeting you about my boycott to remind you that you lost a customer..",myntra
2019-11-24 15:23:55+00:00,Kindly arrange call tommorrow anytime in first half,myntra
2019-11-24 15:22:05+00:00,"Abhishek, we get your point! Post going through the issue details, we see that one of our case managers tried reaching you with an update on the issue, but was unable to establish connection as there was no response from your end. Please (cont) http://srkl.in/l/6014BIhlMs",myntra
2019-11-24 15:21:42+00:00,When a call back was asked after 6pm and I was informed that the call back will be given then why did you tried calling me before that? @_Amar_N Sir please look into this issue as instead of resolution unacceptable reasons are provided,myntra
2019-11-24 15:18:53+00:00,Hi Abdul! We're glad to know that you're enjoying the perks of being an insider. Keep shopping to earn more points & to avail such benefits. -AJ,myntra
2019-11-24 15:17:54+00:00,Am not getting return tab to request for return of the product.. I would no longer required as the same doesnt fits to me,myntra
2019-11-24 15:13:22+00:00,"Request you to refrain from sharing any order related or personal account details on the public post for security purposes and suggest you hide/remove any comments/posts that include your personal details (like email address, contact details, order/return number, etc.) -NS",myntra
2019-11-24 15:13:12+00:00,"Abhishek! That's not the type of product quality we talk about. On your query, about the authenticity of the products on Myntra, we would like to tell you that all the items are procured directly from the brands and are 100% genuine as (cont) http://srkl.in/l/6015BIhlKx",myntra
2019-11-24 15:10:07+00:00,Thanks @myntra for the gift ,myntra
2019-11-24 15:09:50+00:00,"@myntra @MyntraSupport I have ordered certain products from Myntra and mistakenly redeemed the insider points, and the product quality is also not good. Kindly accept my return request of following attached order id. ",myntra
2019-11-24 15:08:25+00:00,"hi @Uber_India, @amazonIN and @myntra plz get pay later option #KeepItSimpl",myntra
2019-11-24 15:08:23+00:00,U cannot return the product if you collect insider points (faced the same issue in past).,myntra
2019-11-24 15:06:26+00:00,"Hi Harsh! We never wished to cause such an experience for you and it is very unfortunate that your order was cancelled. We tried our best to get the products delivered to you but as it was lost in transit, we had (cont) http://srkl.in/l/6010BIhlJw",myntra
2019-11-24 14:55:40+00:00,Malav! We understand that you are concerned about the refund of your order since the product is still with you. We await your response. -NS,myntra
2019-11-24 14:55:38+00:00,So till now nothing happened from your side.. and I have also not bought anything from you since then.. my boycott of myntra will continue..,myntra
2019-11-24 14:53:16+00:00,Cool! I meant order*,myntra
2019-11-24 14:53:04+00:00,Love u virushka,myntra
2019-11-24 14:47:35+00:00,"Love the ease of @getsimpl. pls integrate with @Uber_India, @amazonIN and @myntra #KeepItSimpl please accept simpl pay",myntra
2019-11-24 14:46:34+00:00,"Hitesh! We are sorry to keep you waiting. As per our records, one of our case managers did try to call you today around 11:42 am but we couldn't reach out to you. We will contact you to discuss your issue at the earliest i.e post 11 am (cont) http://srkl.in/l/6012BIhl14",myntra
2019-11-24 14:45:41+00:00,,myntra
2019-11-24 14:42:43+00:00,"Hi there! We understand you are concerned about the product as it turned defective. Please DM us an image of the product highlighting the defect, along with the order number so that we can assist you accordingly. We await your response. -KS https://twitter.com/messages/compose?recipient_id=89443197",myntra
2019-11-24 14:41:40+00:00,Call was promised for today but still nobody has called me yet so this kind of assurance you are giving? Is this what you call as resolution? @_Amar_N ???,myntra
2019-11-24 14:39:13+00:00,Hey @TommyHilfiger . Purchased a backpack from @myntra before 3 months and turned out the backpack was of extremely poor quality. The inner fabric is torn off even though no rough usage as such is done.,myntra
2019-11-24 14:37:49+00:00,Malav! We get your point. Please DM us the regd email ID and the order number along with the product name so that we assist you better. -NS,myntra
2019-11-24 14:35:01+00:00,"Hi Amol, did this issue get resolved. I also fell prey to this gimmick. Consumer forums are full of Myntra customers complaining against this issue.",myntra
2019-11-24 14:33:58+00:00,"Hitesh, please be assured that we've highlighted your concern and are looking into it on priority. One of our case managers will get back to you with an update at the earliest. Request your kind patience. -AJ",myntra
2019-11-24 14:33:09+00:00,Hey @myntra can you pls look into my offer. I've the product still with me but you've already processed refund! Bug?,myntra
2019-11-24 14:30:00+00:00,Sneaking into your heart like! Comment if you would add this to your cart! -@raniagrawal Available exclusively on Myntra! x #sneakers #sport #whitesneakers #lavieshoes #fashion #fashioninspo #styledaily,myntra
2019-11-24 14:24:50+00:00,I'm getting DMs but still no resolution is provided. @_Amar_N ???,myntra
2019-11-24 14:22:38+00:00,"You're welcome, Ashish! Appreciate your understanding. -AJ",myntra
2019-11-24 14:20:04+00:00,"Ashish, we understand your concern regarding the pickup. We’ve highlighted the same & are following up on this with utmost priority. Hold up while we arrange a call back from one of our case managers tomorrow between 11:00 AM to 8:00 PM. -AJ",myntra
2019-11-24 14:07:17+00:00,Mene bhi Myntra se jeans jackts ek 5000 h me 10 jacket 15 din pehno baad me 5000 wapis,myntra
2019-11-24 14:02:32+00:00,Oo my dream barbie tiger scratch you,myntra
2019-11-24 13:59:44+00:00,"Hi Utkarsh! Please be informed, FLIPKART PAY LATER is applicable only for those customers who have Flipkart account and Myntra account with the same e-mail ID. We kindly request you to contact Flipkart customer support ""1800 208 9898"" so (cont) http://srkl.in/l/6016BIhY7u",myntra
2019-11-24 13:56:38+00:00,Contacted many times but my issue of flikart pay later service not working on @myntra has not been solved by @Flipkart @flipkartsupport nor by @MyntraSupport . Kindly do look into matter as soon as possible. Here is screenshot too,myntra
2019-11-24 13:52:23+00:00,@myntra @MyntraSupport @Jaagograhak1 Myntra is selling used and half filled Premium deos. The product received was used and the seal of the bottle was not proper. This is my third such experience with Myntra. The earlier were with a pair of jeans and a jacket,myntra
2019-11-24 13:45:16+00:00,Honestly. Offers on @TataSky are as useful as their network during rain.. you can just have it..but can't enjoy it,myntra
2019-11-24 13:43:40+00:00,We've replied to your DM. - AJ,myntra
2019-11-24 13:43:07+00:00,"We completely understand how you might feel if the order is not delivered on time. Please be assured, we are working round the clock for the order to be delivered to you. One of our case managers will contact you by tomorrow between 11 (cont) http://srkl.in/l/6010BIhY4G",myntra
2019-11-24 13:43:03+00:00,aiseee jackets hain myntra pe jaise kisi ghareeb mulk ka jhanda,myntra
2019-11-24 13:40:17+00:00,Hii,myntra
2019-11-24 13:38:57+00:00,"Me searches for Levi’s T-shirts on Myntra Myntra next day: new Levi’s T-shirts for you After 2 days: perfect Levi’s collection,don’t wait After 5 days: Buy 2 Levi’s T-shirts and get extra 10% off After... https://www.facebook.com/100003529312808/posts/2377062322421388/",myntra
2019-11-24 13:36:49+00:00,"What the heck is going on @myntra This product was supposed to deliver on 17th Nov, and you guys aren’t able to ship it yet. Disappointed with your services. ",myntra
2019-11-24 13:33:36+00:00,Hai hi nahi koi bhai,myntra
2019-11-24 13:33:22+00:00,Nothing odd to hear. Already contacted your customer care and I was explained all the 'Terms and Conditions' and case was closed. It is ok to know that I've been made an idiot. But still I'll share required details via DM.,myntra
2019-11-24 13:25:09+00:00,Shitty service of @ICICIBank @ICICIBank_Care,myntra
2019-11-24 13:22:20+00:00,"More than 24 hours, but still no response. Freaking bullshit Pathetic and Disgusting services ever. I don't know how this Bank work is...",myntra
2019-11-24 13:21:42+00:00,Nice,myntra
2019-11-24 13:18:10+00:00,myntra check karta hoon. thnkx,myntra
2019-11-24 13:17:32+00:00,"Super vexed with @TataSky &amp; @myntra, coupons from the latter sent through former just doesn't work and after a lengthy call, cust care @MyntraSupport disconnected. And both playing a lovely game of tu tu main main, unable to answer a basic q. @_Amar_N",myntra
2019-11-24 13:17:00+00:00,Don't buy from Amazon. Myntra se lena,myntra
2019-11-24 13:10:50+00:00,We have replied to you here : http://srkl.in/6014BIhYIq . Kindly check -AZ,myntra
2019-11-24 13:10:16+00:00,"Your concern is not wrong, Rohit! We never want our customers to be unhappy and we will go beyond to sort the issue for you. We did try to contact you in a registered contact number, as the call was left unanswered we have sent an email (cont) http://srkl.in/l/6013BIhYIU",myntra
2019-11-24 13:08:23+00:00,We have replied via DM kindly have a check. -NS,myntra
2019-11-24 13:06:16+00:00,"@myntra and I kept defective product for last one year..... U guys are cheater, cheaper and u guys are just take 48 hrs not doing anything..... See all guys how they are doing any make urself billioner by taking our money...how cheap u r.. applause for u.. ",myntra
2019-11-24 13:03:35+00:00,"@myntra How you all guys not given any answers yet and given me defective product and keep my money...... And when I opted for replacement u guys didn't take any action ,",myntra
2019-11-24 13:00:01+00:00,Dress smart and look sharp for every occasion with #ICICIBank. Shop the latest in clothing trends from @myntra using internet banking facility and get 20% off on select styles. Know more here: http://bit.ly/ICICIBankMyntraOffer,myntra
2019-11-24 12:59:14+00:00,I DM you with details. But I also want to know on public platform that why you don't have rating system like those other e-commerce apps. We have right to know feedback and review of every product instead of having billing blind faith.,myntra
2019-11-24 12:58:56+00:00,That's odd to hear. We would like to have a look at this. Kindly DM us your regd. email address and order number so that we can provide an update accordingly. We await your response. -DD,myntra
2019-11-24 12:58:29+00:00,U r right,myntra
2019-11-24 12:56:48+00:00,"Lalit, please note that we do not possess or give out details regarding other online businesses. Kindly reach out to the PayPal support team via the PayPal app. Hope to have your understanding. -PP",myntra
2019-11-24 12:54:40+00:00,.@myntra showed how to cheat by using deceptive marketing and good old 'Terms &amp; Conditions' trick. They 'waived off' shipping charges by way of a coupon. But when I returned items they deducted shipping charges by hiding behind ToS. Guess I'd try consumer forum etc.,myntra
2019-11-24 12:54:32+00:00,How to contact PayPal support team...give me contact email id of paypal,myntra
2019-11-24 12:49:41+00:00,#logistics #warehousesolutions #warehousing #logistictech #bhiwandi #ecommerce #Flipkart #Amazon #Myntra #snapdeal Inside Indian Ecommerce sector's favourite logistics hub: Bhiwandi,myntra
2019-11-24 12:49:30+00:00, ,myntra
2019-11-24 12:44:05+00:00,could be ur travel plan shared with them ,myntra
2019-11-24 12:41:24+00:00,"Vidhya, we have responded here http://srkl.in/6011BIhYQH -DD",myntra
2019-11-24 12:41:06+00:00,"Vidhya, we discern that you are not happy with what has happened and neither are we. Had there been a minute chance, we would have taken it. Unfortunately, we will not be able to accommodate your request. Your kind understanding is appreciated. -DD",myntra
2019-11-24 12:40:12+00:00,Hi Lalit! We get your concern regarding the cashback offer. Please be informed that the offer is valid only for the first time users of Paypal. We also see that one of the items of the order has been canceled. Request you to contact the (cont) http://srkl.in/l/6010BIhYtA,myntra
2019-11-24 12:38:57+00:00,Does customer has to account the loss ?,myntra
2019-11-24 12:38:33+00:00,Who will take the responsibility in case delivery boy is not handing over the product back to myntra ?,myntra
2019-11-24 12:38:00+00:00,"We understand your concern regarding the refund, Priyam! Currently, we're unable to reverse the situation immediately. Please be informed that post pickup of the product, it will then take 7 business days(till 26-11-2019)for the product (cont) http://srkl.in/l/6013BIhYtL",myntra
2019-11-24 12:37:52+00:00,"Thank you so what is the next process , is their any other channel I can record my complaint?",myntra
2019-11-24 12:36:13+00:00,"Jay! That's certainly not the type of customer service we intend to provide. We always care about our customers and want to deliver our best. But sometimes, things go out of place which is not acceptable, we agree. Can we have a look? As (cont) http://srkl.in/l/6019BIhYtv",myntra
2019-11-24 12:34:52+00:00,#Myntra #fraudcompany #fakecom,myntra
2019-11-24 12:34:05+00:00,"@myntra Pathetic customer service, fake promises, poor supervisor support, not worth at all..no one to help even managers #Myntra #myntrapoorservices",myntra
2019-11-24 12:31:47+00:00,"@myntra when i will get my refund ,the product was picked on 15 nov its been 10 days till today",myntra
2019-11-24 12:31:17+00:00,So i m banning Myntra as of now. No one in my entire network will be your customers #banmyntra,myntra
2019-11-24 12:30:41+00:00,We have sent you a DM. Please have a check. -KS,myntra
2019-11-24 12:30:22+00:00,"Get your hands on this soft & beautiful Yappy Yellow colored bra, A non padded beauty - staple for your wardrobe ⠀ Collection : Katrina ⠀ Get your hands on our Lingerie Designs from Nykaa, Amazon, Myntra, Ajio, Tata Cliq &amp; Flipkart ",myntra
2019-11-24 12:29:45+00:00,"Meanwhile @Flipkart be like: ""Come to me, baby!"" ",myntra
2019-11-24 12:29:02+00:00,"Saurabh, that is such a considerate point you've made! We are so glad to learn that you love the products shopped at Myntra. That is all we yearn to know from our valued customers. Our happiness is solely based on your satisfaction and (cont) http://srkl.in/l/6015BIhYst",myntra
2019-11-24 12:27:52+00:00,@myntra @MyntraSupport 50% PayPal cashback voucher not given.. email-id rakeshkumar8696@yahoo.com,myntra
2019-11-24 12:26:57+00:00,"@shoppersstop Very much amazed by your online experience. Ordered apparel with size L, received size S, your order request checks really astounds me. Raised exchange request on 11Nov and expect it to get delivered by 2Dec. This is how you willl compete with @myntra @amazonIN ?",myntra
2019-11-24 12:25:24+00:00,@myntra @MyntraSupport the guy picked the return so I don't have the bar code with me. Can you get the issue resolved ASAP?,myntra
2019-11-24 12:25:08+00:00,"@MyntraSupport Hi Myntra, what's this issue that always affects during finding products. Please focus and bit on development and bring better UX as this is definitely bogging we users a lot. ",myntra
2019-11-24 12:24:52+00:00,"Hey, I loved the t-shirt. Have been getting what I wear from you guys for long. Thought my love for your product/s may also steer your thoughts towards you looking to boost our own industry rather then putting money elsewhere. #MakeinIndia",myntra
2019-11-24 12:22:39+00:00,We have sent you a DM. Please have a check. -KS,myntra
2019-11-24 12:22:33+00:00,@myntra @MyntraSupport i have already DMed you all the details. 1. The issue with the product was visible as soon as it came out of the packaging. 2. The product was unused and had all the tags intact. 3. The issue with the product shows that you don't ensure quality checks.,myntra
2019-11-24 12:18:28+00:00,I reviewed http://Myntra.com 1/5. Earn Rs.20 per review #WriteShareWin https://www.mouthshut.com/review/Myntra-com-review-ptmtolqsulo via @MouthShut @myntra,myntra
2019-11-24 12:16:42+00:00,,myntra
2019-11-24 12:15:46+00:00,Myntra : Buy 1 Get 1 Free (DISCOUNT APPLIES ON MRP RATES) Add 2 in cart &amp; discount gets applied Link - https://www.myntra.com/shop/buy1get1?utm_campaign=CL_16-1&amp;utm_source=cashkaro&amp;utm_medium=Affiliates,myntra
2019-11-24 12:14:37+00:00,"We get it what you talking about, Saurabh! Please be informed that the product which you have received is imported, designed and distributed by Myntra even though the origin is outside India. Appreciate your understanding. -AZ",myntra
2019-11-24 12:13:41+00:00,Thank you for your cooperation. -NS,myntra
2019-11-24 12:12:37+00:00,2 drinks of whiskey and it will feel summer again ,myntra
2019-11-24 12:12:08+00:00,Will await a call from you side tomorrow @myntra @MyntraSupport !,myntra
2019-11-24 12:10:06+00:00,@myntra @MyntraSupport DMed you the return number. Look into this and help me understand why anyone should trust Myntra.,myntra
2019-11-24 12:08:58+00:00,Hey Shashank! Customers retorting with such feedback concerns us. We would like to know what transpired. Kindly DM us your regd. email address and order number so that we can provide an update accordingly. We await your response. -DD,myntra
2019-11-24 12:07:38+00:00,"Manufacturing sector outlook at the lowest (as reported), it's revival is important & businesses in #India can play a big role. Instead of giving away orders to companies outside the country #MakeinIndia #Jobs #myntra #indiafirstalways",myntra
2019-11-24 12:07:01+00:00,"@myntra @MyntraSupport Worst experience ever had with any delivery ever. Regardless of the product the delivery guy itself is reason that you lost your one customer forever today. He was very arrogant, unprofessional and had threatening Tone.",myntra
2019-11-24 12:05:26+00:00,"Hey Rahul! That doesn't sound right and we definitely never wish to function this way. We were unable to find any return number that is on hold, kindly DM us your regd. email address and return number along with (cont) http://srkl.in/l/6018BIhYo4 https://twitter.com/messages/compose?recipient_id=89443197",myntra
2019-11-24 12:00:50+00:00,"@myntra you delivered a defective product.And when we return the product as is, you put the return on hold. Is this the way you work towards customer satisfaction?",myntra
2019-11-24 11:53:54+00:00,"HEY @Uber_India, @amazonIN, @myntra and @NetflixIndia Y U NO @getsimpl #KeepItSimpl",myntra
2019-11-24 11:47:32+00:00,"That shouldn't have happened, Avnish! Please be assured that Myntra promotes the sale of 100% genuine/authentic products as all the items are procured directly from the brands. Please DM your registered email ID &amp; order number so that we (cont) http://srkl.in/l/6012BIhYlQ",myntra
2019-11-24 11:47:10+00:00,@myntra @MyntraSupport You are cheating customers by selling items that are not meant for sale at full price! I received two lipsticks as shown in attached picture with my latest order where lipsticks are clearly labelled with the tag- Free Gift Not for Sale!,myntra
2019-11-24 11:46:49+00:00,"HEY @Uber_India, @amazonIN, @SheinIndia, @myntra, @NetflixIndia, @oyorooms and @jiosaavn Y U NO @getsimpl #KeepItSimpl",myntra
2019-11-24 11:44:22+00:00,"@myntra : I had purchased an original Park Avenue shoes from myntra. Just within 2 months of use, the color of shoes is getting faded &amp; back stitches are getting rusty.. I don't think I've been sent an authentic item from @myntra ",myntra
2019-11-24 11:41:42+00:00,Why the hell I am being penalised for Myntra's or delivery partner's default? I clearly got a message from myntra stating that it has been put on quality hold 2 weeks after pick up. What does that mean? It means it has been picked up. This is ridiculous. Screenshot also attached ,myntra
2019-11-24 11:35:49+00:00,"We understand the importance of your order, Vivek! To err is human. Don't sweat it! We will make sure your products reach you on priority. Alternatively, our case manager will contact you tomorrow between 11:00 AM to 08:00 PM & provide (cont) http://srkl.in/l/6017BIhYcc",myntra
2019-11-24 11:32:59+00:00,"That is not something we wanted you to go through, Samantha! Please DM us your regd. E-mail ID & order number along with the below details so that we can take it further. 1. Are price tags/stickers/shoebox available? (cont) http://srkl.in/l/6011BIhYcJ https://twitter.com/messages/compose?recipient_id=89443197",myntra
2019-11-24 11:32:45+00:00,#amezon #flipkart #myntra #snepdeal #fashionjewelry #style #fashionshoes#highheelshoes #shoes #fashion #weddingdresses #amazingdress #fashionstyle #sandals #boots #footwear #highheels Special Edition Of Sports… https://www.instagram.com/p/B5PyKrJgJlC/?igshid=1duqflyx6izf1,myntra
2019-11-24 11:32:35+00:00,"Hi Myntra team Today i am seeing bug in myntra app.may i is it issue or i am only facing this issue.if it's bug ,i can fix because i am also e-commerce developer PFA @MyntraSupport",myntra
2019-11-24 11:32:16+00:00,"Kavin, we have responded via DM. -DD",myntra
2019-11-24 11:31:03+00:00,Tell me the exact date on which date you will deliver my shoe otherwise I'm going to file a complaint in consumer forum against you.,myntra
2019-11-24 11:30:02+00:00,"We are sorry to keep you waiting, Animesh. As much as we understand how distressing this could be, it was never our intention. Please do not worry, the issue has been highlighted and we are using all our might & sources in getting this (cont) http://srkl.in/l/6017BIhYil",myntra
2019-11-24 11:28:16+00:00,Hey @myntra I received a pair of shoes on 10 th November and there were stain marks on its sole .On returning it wasn't taken back claiming that it has been used.What type of sales service is this .You are selling defective items and blaming it on us.Never expected this . ,myntra
2019-11-24 11:26:41+00:00,I'm cooperating you from 12 days,myntra
2019-11-24 11:22:53+00:00,why they declined my complaint? I received a damaged product that is fact and I don't want damage product either create an exchange or give me refund of it.,myntra
2019-11-24 11:22:47+00:00,Hi Dolly! We have responded to your concern via http://srkl.in/6015BIhY9b . Kindly have a check.- SS,myntra
2019-11-24 11:22:26+00:00,"Dolly, we understand that you are concerned about the refund of the picked-up product. Not to worry, we are following up closely to get this sorted ASAP. Few things require time and patience to be worked upon and get back with a suitable (cont) http://srkl.in/l/6013BIhY9Z",myntra
2019-11-24 11:17:46+00:00,"We put great importance on the quality of our services and the satisfaction of our customers, Mohammad! You are our valued customer and to upset you is the last thing we can ever do. We know the importance of your concern & have escalated (cont) http://srkl.in/l/6015BIhYgx",myntra
2019-11-24 11:15:26+00:00,"Vivek, we agree that we have missed out on our promise to you multiple times. Trust us this time, we are keeping a watch on this and working to turn the experience for you. We'll revert with an update by the time requested. Thank you for your patience. -DD",myntra
2019-11-24 11:13:24+00:00,"@myntra as I have also informed over the call and have shared a proof of receipt too with you via DM, I need an assurance asap for the refund else the only way that I ll have is to take a legal help against you robbers.",myntra
2019-11-24 11:12:15+00:00,This is frustrating. Having problem on online shopping. @myntra says contact @Flipkart whereas @Flipkart says contact @myntra. Is this some 'SARKARI VIBHAG'. Go to this department go to that department ,myntra
2019-11-24 11:11:36+00:00,So the so called case manager calls me and I thought she ll be able to help me with my concern but she in fact told me that we wont be able to help you in 24 hours it may take more time.. Really @myntra?? You guys have just titled people as managers and she has no powers at all,myntra
2019-11-24 11:11:18+00:00,It been 72 hours since you emailed me. Dont lie I have uninstalled your app and it was last order.,myntra
2019-11-24 11:09:26+00:00,"That's not good to hear and this is not something we want you to go through, Kavin. Could you please DM us your regd. E-mail ID & order number so that we can assist you accordingly? -KS https://twitter.com/messages/compose?recipient_id=89443197",myntra
2019-11-24 11:09:00+00:00,"Delivering your packet of joy & to see you happy is our priority, Vivek! We know that this situation could be quite upsetting. We have emailed on 24 Nov 2019 on your regd E-mail ID requesting you to allow us 48hrs to revert with an update. (cont) http://srkl.in/l/6017BIhY5F",myntra
2019-11-24 11:05:09+00:00,@myntra making fool to all people I ordered one product and they delivered damaged product to me and now they are not taking back my product. customer care executive declined my complaint.,myntra
2019-11-24 11:04:56+00:00,Hi Mayur! We are here to take a closer look at your concern. Could you please DM us your regd. E-mail ID & order number so that we can assist you accordingly? -KS https://twitter.com/messages/compose?recipient_id=89443197,myntra
2019-11-24 11:03:14+00:00,Me looks good in Denims!! Yes or a lot of yes??!! . . . Earrings - fabindianews Top - @ajiolife Jeans - mastandharbour @myntra #Merakilous #Denims #DenimLove #ootd #goodhairday #newvideo #igtv #love… https://www.instagram.com/p/B5PuyjClQ7s/?igshid=q26i4ti973ka,myntra
2019-11-24 11:02:37+00:00,"It been 7 days, still didn't get my shoe. @myntra i didn't expected this kind of service from you. ",myntra
2019-11-24 11:00:31+00:00,#amezon #flipkart #myntra #snepdeal #fashionjewelry #style #fashionshoes#highheelshoes #shoes #fashion #weddingdresses #amazingdress #fashionstyle #sandals #boots #footwear #highheels Stylish &amp; Comfy Clogs For… https://www.instagram.com/p/B5PueobAMZx/?igshid=hersj6pi6iit,myntra
2019-11-24 11:00:24+00:00,@amazfit @AmazfitIndia looks like you are not in a mood to give the solution,myntra
2019-11-24 10:56:54+00:00,Hey Animesh! We appreciate your kind understanding & cooperation. -AO,myntra
2019-11-24 10:55:01+00:00,Ok i'm waiting,myntra
2019-11-24 10:48:54+00:00,"Sandhu! We are sorry that it's taking longer than expected for a refund. Can we have a look? As a part of customer service, we are here to ensure that your issue is resolved at the earliest. Please DM us the regd. email ID and return number so that we can assist you better. -NS",myntra
2019-11-24 10:48:25+00:00,"Animesh, as per our records, we see that you had already been contacted by one of our case managers via email and had requested to wait for 48 hours. Request you to kindly wait till the given time frame so that we can share an update. -AJ",myntra
2019-11-24 10:46:11+00:00,"I will never ever shop anything from Myntra going forward. As this is what you guys gifted me for being your regular customer. I just wanted to not return but exchange so that I can use that product. Do hell with you useless points, policies, products and anti customer service.",myntra
2019-11-24 10:46:00+00:00,@myntra @MyntraSupport WHEN WILL YOU RETURN MY AMOUNT??TAKEN AWAY FROM MY ACCOUNT FOR THE PRODUCT RETURN..,myntra
2019-11-24 10:45:39+00:00,We have sent you a DM. Please have a check. -KS,myntra
2019-11-24 10:41:19+00:00,What action u took against my complain i was told to wait till 24rth of november no one came to pick up this product,myntra
2019-11-24 10:38:50+00:00,We have responded via DM. -DD https://twitter.com/messages/compose?recipient_id=89443197,myntra
2019-11-24 10:37:48+00:00,"The item is unused,unwashed and with all the tags and in the same exact condition as it was delivered to me. Barcode is :- 100565559820 . Registered email id :- navneet.206.ns@gmail.com",myntra
2019-11-24 10:35:34+00:00,"Thank you for sharing the order details, Shipra! Wish we could say yes. However, sadly, we will be unable to accommodate your return/exchange request as the Myntra Insider points has been claimed against the product which disables the option (cont) http://srkl.in/l/6016BIhYwg",myntra
2019-11-24 10:33:48+00:00,I am out of the country Can do once i am back on 4th Dec..,myntra
2019-11-24 10:30:27+00:00,"Hey Shahzad! That doesn't sound right and we definitely never wish to function this way. Fret not, kindly DM us your regd. email address and order number so that we can provide an update accordingly. We await your response. -DD https://twitter.com/messages/compose?recipient_id=89443197",myntra
2019-11-24 10:29:38+00:00,"That’s not good to hear, Navneet! We never intended to cause the experience by delivering a different product & this certainly is an unusual instance. We request you to share the below details via DM to take it forward: A. Confirm return (cont) http://srkl.in/l/6019BIhYZl",myntra
2019-11-24 10:28:31+00:00,Till yet I have not received my refund,myntra
2019-11-24 10:27:52+00:00,"Himani, we intended this entirely the other way around. We'll do our best to turn around the experience for you. Please confirm the return policy (unwashed/unused) and we'll take it up further. -DD",myntra
2019-11-24 10:26:47+00:00,"Shipra, we have responded via http://srkl.in/6011BIhYZJ. -PB",myntra
2019-11-24 10:26:37+00:00,Dear @myntra inti nawabi toh Lucknow k nhi jitne apke delivery boys sirf call krte aur agr call missed ho jaaye toh return request khood hi le lete ... worst service,myntra
2019-11-24 10:22:52+00:00,As per my ongoing conversation with Myntra regarding a issue which was escalated however they are repeatedly sending me the same drafted email which doesn't make sense at all.This is everytime i have an issue with myntra and experienced such a pathetic service. (Prt-3) @myntra,myntra
2019-11-24 10:22:49+00:00,@myntra Check the huge difference between the order placed by me and the wrong product delivered by u. Bill is EDITED. Do u think v r fool? ,myntra
2019-11-24 10:21:57+00:00,"Himani, we understand that you are not happy with the experience you had. We want to help you. Since you have received the wrong product, the pickup agent requires approval to pick up. But not to worry, we'll get this sorted. Kindly help (cont) http://srkl.in/l/6017BIhYkR",myntra
2019-11-24 10:18:18+00:00,Sellers in #India are yet to realize the advantage of providing good useful images of their products on #ecommerce sites that helps buying decisions. @myntra @AliExpress_EN are currently the best in this aspect. #shoppingonline #India #marketing,myntra
2019-11-24 10:14:57+00:00,"Myntra is having such a pathetic policy and customer service. Policies are just for their own benefit. I bought leather jacket with product code 7077961 , somehow Product doesn't fit me. All I wanted to exchange the product with small size. (Prt-1) @MyntraSupport @consumerforum",myntra
2019-11-24 10:12:05+00:00,@myntra U can copy ur last msgs to reply ,myntra
2019-11-24 10:10:38+00:00,"That is not good to hear, Himani! We never intended to cause the experience & this certainly is an unusual instance. We request you to DM us the below details with us to take it forward : 1. Bar-code Number - It (cont) http://srkl.in/l/6015BIhYnT",myntra
2019-11-24 10:09:59+00:00,#amezon #flipkart #myntra #snepdeal #fashionjewelry #style #fashionshoes#highheelshoes #shoes #fashion #weddingdresses #amazingdress #fashionstyle #sandals #boots #footwear #highheels Imported Graceful Polyester… https://www.instagram.com/p/B5PosZcAlZN/?igshid=1s5jq699049te,myntra
2019-11-24 10:09:55+00:00,@myntra 100% original products.......joke ,myntra
2019-11-24 10:08:05+00:00,I just posted for the same They Have rescheduled 5 times WHY EXACTLY WOULD I RESCHEDULE 5 TIMES? My order is Still with and I'm waiting for a Guy to pick it up but pick is Failing again and Again Poor service myntra kindly revert and check DM,myntra
2019-11-24 10:06:09+00:00,now Seriously getting out of Control being an elite member I have also registered complain and Even got It escalated and Even the 5 days Timeline Is over What are you Upto myntra when I am Getting my refund. I don't want escalation I want results and Reply. ASAP this is the show,myntra
2019-11-24 10:06:01+00:00,Thank you #Myntra for your kind attention. You hear me about my issue regarding delayed package that eventually lost in transit. Your compensation coupon is with me and next delivery was on time. You have good collection and I want to shop through myntra. #satisfaction,myntra
2019-11-24 10:04:25+00:00,@myntra Ordered a Rs 5095/- Hooded Fullzip Black Sweatshirt jacket. I not only recieved a duplicate product with @Nike logo removed but a compeltely different product. Worst experience ever. #Myntra #myntrafashionsuperstar @iHrithik #amazon #flipkart #fraud,myntra
2019-11-24 09:59:30+00:00,That's the problem!! You guys are giving me standard mechanical response on call and here on twitter but actually unable to assure me that I ll get my money back!!,myntra
2019-11-24 09:57:18+00:00,Dolly! This is not the experience that we want you to have with us! Customer satisfaction is always a number one priority for us. Please be assured we are working on your issue with utmost priority and will get back to you with an update (cont) http://srkl.in/l/6010BIhYTo,myntra
2019-11-24 09:57:16+00:00,"@myntra sent me totally a wrong product.I didn't place order for this.I knew this as i had a very bad experience with myntra in last 8 days. The bill I received is also not correct, not matching with the description given in the tag.What else can be expected from such #fakemyntra",myntra
2019-11-24 09:53:44+00:00,No you guys don't understand my concern that's the biggest issue here.. first of all I spent more than 20 mins on call and no one could give me resolution.. No respect at all for customer's time and money #poorCustomerService #CheaterMyntra,myntra
2019-11-24 09:48:33+00:00,"Dolly, we get your concern here and even we want this to be sorted as soon as possible. The issue has been taken further and we'll get back to you with an update by the mentioned time-frame. -DD",myntra
2019-11-24 09:45:23+00:00,I need an immediate resolution and my money back that you have cheated me with!! I don't wish to wait any longer!! If my money is not returned I ll have to sought the legal way!! #cheaterMyntra,myntra
2019-11-24 09:44:29+00:00,"Ismail, we have responded here http://srkl.in/6019BIhYu1 -DD",myntra
2019-11-24 09:43:06+00:00,We have responded to your DM! -CP,myntra
2019-11-24 09:40:17+00:00,"Hey Ismail! Our smile has turned into a frown upon reading your feedback. We've end to end encryption on our app/website as we value the privacy of our customers. Additionally, we've arranged a callback for you and one of our case managers (cont) http://srkl.in/l/6014BIhYPq",myntra
2019-11-24 09:37:27+00:00,I've DM'ed you the details of the order!!,myntra
2019-11-24 09:34:21+00:00,#amezon #flipkart #myntra #snepdeal #fashionjewelry #style #fashionshoes#highheelshoes #shoes #fashion #weddingdresses #amazingdress #fashionstyle #sandals #boots #footwear #highheels Special Edition Of Vibrant… https://www.instagram.com/p/B5PknhPgiSI/?igshid=10y0q6dlgvn9u,myntra
2019-11-24 09:31:37+00:00,@_Amar_N I hope other users and their financial details are not comprised due to this security breach. Also want to highlight that your customer care managers take security incidents very lightly @_Amar_N @myntra @MyntraSupport,myntra
2019-11-24 09:31:21+00:00,"@_Amar_N @MyntraSupport @myntra , 1_ I want to bring to your notice that there has been a security breach on my Myntra ac, I have raised a complaint IN19112414495280408440. But as a longtime customer I’m not confident dat my financial and prsnl details are safe on Myntra.",myntra
2019-11-24 09:29:10+00:00,"Dolly, we have responded via http://srkl.in/6018BIhY3I. -PB",myntra
2019-11-24 09:28:46+00:00,"Dolly, we understand your concern with regards to the wrong product being picked and the status not being updated. We never want you to have this experience with us. Kindly give us a chance to look into it. Please DM us your registered (cont) http://srkl.in/l/6012BIhY3s",myntra
2019-11-24 09:28:35+00:00,@myntra you guys are such a scam.. robbing people with their hard earned money!! #RobberMyntra #cheaterMyntra #BigScam #HopelssCustomerService,myntra
2019-11-24 09:19:54+00:00,@myntra you guys cheat with customers money by picking up wrong products and dont even assure refund!!! Such a scam your Myntra portal is!!,myntra
2019-11-24 09:18:47+00:00,So this @myntra has such a pathetic return pick up service!! The person picked up a wrong product from my place and that product has not been even marked as 'picked up' even after 48 hours and their so called 'help center' is unable provide any help!!,myntra
2019-11-24 08:59:37+00:00,@MyntraSupport @myntra It's more than Five days I have received wrong and defective product with Colour variations and patches and now Myntra refused to refund my money and forcing to accept faculty product ,myntra
2019-11-24 08:47:06+00:00,"hi @Uber_India, @amazonIN and @myntra plz get pay later option #KeepItSimpl",myntra
2019-11-24 08:42:14+00:00, ,myntra
2019-11-24 08:42:10+00:00,"No update yet !! @MyntraSupport @Myntra_CC @myntracoupons1 guys pls stay away from Myntra, no update no calls it's been more than 8 days I hv been following!",myntra
2019-11-24 08:37:46+00:00,"Vidhya, we regret to inform you that the claim has been declined after a re-investigation. Request your kind understanding. -VR",myntra
2019-11-24 08:29:15+00:00,What ur trying to say if ur not able to catch hold of delivery boys do we need to incur the loss ?,myntra
2019-11-24 08:27:15+00:00,Childhood days revisted...,myntra
2019-11-24 08:27:11+00:00,"@MyntraSupport myntra customer care number O767923ll9O 933O3O6l8l Refund amount, Oder cencle payment failed any problems contact number. ",myntra
2019-11-24 08:14:32+00:00,They are like this only worst customer care service they lost my products after one month and when asked for compensation they gave me a useless 400 rs that I get after spending 2k.. #myntra is big time cheater,myntra
2019-11-24 08:10:56+00:00,But your company have said that you are not able to return the product because you have misuse policy and I want to know that as how I can breach your policy as this is my first order as prior to that I never use Myntra,myntra
2019-11-24 08:07:31+00:00,We have responded via http://srkl.in/6011BIhY67. -CP,myntra
2019-11-24 08:06:53+00:00,Hi Janakiram! We understand how excited you were when you placed the order and how this could be a let-down. It is unfortunate that things turned out this way. Please DM us the respective order number that you are (cont) http://srkl.in/l/6018BIhY6Q,myntra
2019-11-24 08:03:43+00:00,Is this how it works in @myntra? This is my first shopping experience with Myntra.,myntra
2019-11-24 08:02:24+00:00,"@myntra, I had ordered some shirts and from last three days I’m getting a message that the item is on the way with styling agent, and would be delivered. But again in the evening another message saying that it could not be delivered with feedback link.",myntra
2019-11-24 07:41:40+00:00,I haven't purchased any half sweater in last 5 years since i stay in Hyderabad Banglore and Chennai,myntra
2019-11-24 07:41:15+00:00,"Venita, we have responded via DM. -DD https://twitter.com/messages/compose?recipient_id=89443197",myntra
2019-11-24 07:31:18+00:00,"Thank you. Sent my details. If anything, I would have liked advance notice that I'm not allowed to return more than a percentage over a period of time. Don't keep an open window. That btw, was your USP to sell on an online portal vs brick and mortar stores.",myntra
2019-11-24 07:31:05+00:00,"Sign-up using my code 2qwab8 on the Myntra App &amp; get points worth Rs. 100 as well as extra Rs.500 off and free shipping on your first order. Download the App using - https://myntra.onelink.me/eWcy?pid=Referral Hurry, it doesn’t get better than this! Download the Myntra App NOW!",myntra
2019-11-24 07:28:40+00:00,"Hey Vijay! We discern that you are not happy with what has happened and neither are we. Fret not, kindly DM us your regd. email address and order number so that we can provide an update accordingly. We await your response. -DD https://twitter.com/messages/compose?recipient_id=89443197",myntra
2019-11-24 07:16:23+00:00,"Thanks for reaching out to us, Rahul! You may reach out to us via the 'Contact Us' option available on our website/app or can get in touch with us on 08061561999. Else, please DM us with the order number elaborating the issue to get connected.- KB https://twitter.com/messages/compose?recipient_id=89443197",myntra
2019-11-24 07:15:21+00:00,"Venita, it upsets us to hear your feedback. We would want to have a closer look from our end, please DM us the requested details and we'll share an update accordingly. -DD https://twitter.com/messages/compose?recipient_id=89443197",myntra
2019-11-24 07:10:11+00:00,I've spoken to your support executive and the supervisor but unfortunately they like to read out the script for a response than being showing willingnese to help further. Re 149 isn't my concern as much as the misinformation that im allowed to return if expectation don't match.,myntra
2019-11-24 07:09:37+00:00,"@myntra myntra ji, how to contact customer service ? Any email id ?",myntra
2019-11-24 07:04:53+00:00,"Pep it up with print! Check out the new #NUSH collection on http://www.nush.in, @myntra –http://myntra.com/nush, @Flipkart @centralandme @AJIOLife @TataCLiQ &amp; @AmazonFashionIn | @AnushkaSharma",myntra
2019-11-24 07:02:04+00:00,Hi Venita! We understand you might have a valid concern. Kindly give us a chance to look into it. Please DM your registered email ID & order number elaborating the issue with the product so that we can have a check and assist you accordingly.- SS,myntra
2019-11-24 06:59:37+00:00,"@myntra Myntra unfortunate that you penalize returns in the guise of fair usage policy. Unfair to patron customers, instead of upping your game in this age of competition. I wasn't even provided analytics of orders retained vs orders returned. Customer service deplorable.",myntra
2019-11-24 06:59:15+00:00,I won't understand and won't recommend Myntra to anyone. Liars and cheaters!!,myntra
2019-11-24 06:58:12+00:00,"Devesh, we have responded here http://srkl.in/6013BIhc0z -DD",myntra
2019-11-24 06:57:57+00:00,"Devesh, we get your concern here. We see that you already had a word with our case manager and necessary information was conveyed. Also, you can find the T&Cs for the shipping charges under the 'What is Myntra’s Fair Usage Policy?' of the (cont) http://srkl.in/l/6019BIhc0H",myntra
2019-11-24 06:55:04+00:00, ambani nai mein,myntra
2019-11-24 06:54:27+00:00,Choose people Who choose you #Main_hu_Mj ____________________________________ #actor #model #freelancer #influencer #brand #mtv #Roadies #aceofspace #myntra #plixxo #youtuber #Mj #Silawat #Sumerpur… https://www.instagram.com/p/B5PSUiCHy0A/?igshid=1gq43x6qkv9pt,myntra
2019-11-24 06:51:40+00:00,Yeh kaise ho gaya ,myntra
2019-11-24 06:37:30+00:00,"Omkar, we understand you are waiting for an update on the concern with regards to the product ""Woodland shoes"" and we apologize for the delay. We request your confidence in us as we're closely following up on the concern and one of our (cont) http://srkl.in/l/6012BIhcve",myntra
2019-11-24 06:35:46+00:00,@MyntraSupport I ordered HRX bomber jacket and received blazer from company Ether with HRX written on plastic wrap. I am very disappointed with service Myntra has provided. Also worst customer care experience I had since long time. @hrxbrand @myntra ,myntra
2019-11-24 06:32:36+00:00,We have responded via http://srkl.in/6017BIhcQb. -CP,myntra
2019-11-24 06:32:25+00:00,We have responded via http://srkl.in/6016BIhcQw. -CP,myntra
2019-11-24 06:32:15+00:00,We have responded via http://srkl.in/6019BIhcQT. -CP,myntra
2019-11-24 06:31:53+00:00,"Hey Vidhya! We understand how upsetting this could be. We see that you have already spoken to one of our supervisors and necessary information has been shared with you. Unfortunately, we will be unable to accommodate your request. Your kind understanding is appreciated. -CP",myntra
2019-11-24 06:30:11+00:00,"Get your hands on this soft & beautiful Yappy Yellow colored bra, A non padded beauty - staple for your wardrobe ⠀ Collection : Katrina ⠀ Get your hands on our Lingerie Designs from Nykaa, Amazon, Myntra, Ajio, Tata Cliq &amp; Flipkart ",myntra
2019-11-24 06:27:51+00:00,I don’t want any emails or manager to contact me I have shared the required information now u guys trace the delivery boy . I need my money that’s it .,myntra
2019-11-24 06:26:15+00:00,What kind of customer service you guys are providing even after providing all screenshots u guys still sending me the same reply full time cheating the customer in spite of sharing the proof .,myntra
2019-11-24 06:25:35+00:00,Else let me know so that I can file legal complaint against you guys it’s enough is enough,myntra
2019-11-24 06:25:34+00:00,Can u I have update on my cheating case,myntra
2019-11-24 06:23:46+00:00,Nai baba.. itne paise nai mere pass!,myntra
2019-11-24 06:21:48+00:00,"Ravi, we are open to any suggestions from our customers as it helps us to stand in the field and provide the best experience to our customers. Just a heads up, the refund for the 'Roadster sneakers' has already been initiated on 22nd Nov'19 (cont) http://srkl.in/l/6016BIhcS0",myntra
2019-11-24 06:19:53+00:00,Aap bade log ho.. winter wear pehenne ke liye trip maar loge,myntra
2019-11-24 06:19:08+00:00,@myntra @MyntraSupport Dear sir if complete 48 hours then updated me...???,myntra
2019-11-24 06:18:44+00:00, ,myntra
2019-11-24 06:15:47+00:00,I get compensate for the mistake in real time thats why i am thankfull to you.....and also as a regular customer wanted to give such suggestion.,myntra
2019-11-24 06:13:26+00:00,"Hey Ravi! Thank you for taking out your time to provide the feedback. We'll keep this in mind and have it cascaded internally. Moreover, we procure all our products from the brands directly after a stringent quality check. If any mistakes (cont) http://srkl.in/l/6011BIhcqJ",myntra
2019-11-24 06:09:51+00:00,"Hey team @myntra . You are the best in customer support services. Only one suggestion is that, please organise the quality check for the item before selling it through myntra. Otherwise you are the best.",myntra
2019-11-24 06:09:34+00:00,Clothing - Myntra/Jabong Electronic - Flipkart/ Amazon Groceries - Bigbasket/ Dunzo @amazingdeals_in #ContestAlert #Contest #GiveawayAlert #freebies #free #freestuff #Giveaway #ContestIndia #Contests #ecommerce #shopping #onlineshopping,myntra
2019-11-24 06:03:32+00:00,"Akash, we have responded here http://srkl.in/6018BIhcoe -DD",myntra
2019-11-24 05:58:16+00:00,"Shear, we have responded via http://srkl.in/6015BIhcWW. -PB",myntra
2019-11-24 05:50:38+00:00,@myntra @MyntraSupport again and again I have only one request to please deliver my product by 25th November else it will be of no use to me. Please try to understand my situation.,myntra
2019-11-24 05:39:55+00:00,"Thank you for confirming, Rohit! We truly regret the hassle that you had to go through regarding the delivery. We want to convey our apologies to you about the experience you went through. We will surely pass on your feedback to our team (cont) http://srkl.in/l/6014BIhcYO",myntra
2019-11-24 05:36:06+00:00,@MyntraSupport Its Showing I have To Pay 500 But i Got a mail From Myntra for 649 What Should i Do ,myntra
2019-11-24 05:31:47+00:00,@myntra @MyntraSupport any update,myntra
2019-11-24 05:29:55+00:00,Hi Arch! We are concerned about this and are looking into it with utmost priority. We've taken a complaint and one of our case managers will get in touch with you today between 11:00 AM — 8:00 PM. Your patience is highly appreciated. -CP,myntra
2019-11-24 05:22:54+00:00,"Guys, I am sorry. While the packet was opened, the shirts were stuffed inside the same inner plastic bag. I have found both shirts. But, it is indeed worrying that I got an open packet and wasn't even contacted on delivery.",myntra
2019-11-24 05:17:39+00:00,"I did cancel the order 4 times but still got ""arriving today"" Msg today. I called customer care & delivery agent 3 day ago. How much time it takes.",myntra
2019-11-24 05:12:31+00:00,"Devesh, it makes us sad to hear this happened. The requested details about Myntra Credit can be found by clicking on the link provided: http://srkl.in/6014BIhcgM . Something better is around the corner if the return trend would improve (cont) http://srkl.in/l/6015BIhcg3",myntra
2019-11-24 05:08:26+00:00,@MyntraSupport @myntra very unhappy with after sales service. Been 10 days since I placed returned request but no one comes to pick it up. Feel cheated !,myntra
2019-11-24 05:06:46+00:00,"Hi Shaifali! We are incredibly grateful that you took the time out to leave us this note. Your satisfaction builds our reputation. We take pride in providing the best in class service to our customers. Stay classy, stay trendy and rule the world around you. -VR https://twitter.com/messages/compose?recipient_id=89443197",myntra
2019-11-24 04:57:25+00:00,I want to talk too u,myntra
2019-11-24 04:55:30+00:00,Deepika! We truly regret the hassle that you had to go through regarding the delivery. Please be assured that we've escalated this issue. Our case manager will get in touch with you by today between 11: 00 AM - 8:00 PM & address your concern (cont) http://srkl.in/l/6016BIhcjq,myntra
2019-11-24 04:53:48+00:00,Deepika! We truly regret the hassle that you had to go through regarding the delivery. Please be assured that we've escalated this issue. Our case manager will get in touch with you by today between 11: 00 AM - 8:00 PM & address your concern (cont) http://srkl.in/l/6019BIhcjc,myntra
2019-11-24 04:45:11+00:00,Hi myntra Im getting amazing service from your guys...I placed and order on 10th of November and it's 24 now and guess what I'm still waiting for delivery....you guys still expecting to cooperate with you... Give me one reason why? ,myntra
2019-11-24 04:31:39+00:00,It is what it is :/,myntra
2019-11-24 04:21:06+00:00,She is still waiting for the best time to travel A shot from 2017 (best time of my life). #ootd #ootdfashion #fashion #trendy Sweater - @myntra Jeans - @pantaloonsfashion Neon stole - @thrift market Shoes - @chumbak Shades - @rayban Watch - @fossil Earring - @chumbak,myntra
2019-11-24 04:17:21+00:00,"Me searches for Levi’s T-shirts on Myntra Myntra next day: new Levi’s T-shirts for you After 2 days: perfect Levi’s collection,don’t wait After 5 days: Buy 2 Levi’s T-shirts and get extra 10% off After a week: Levi’s waale tujhe godh lene ko ready hai ek T-shirt lele bas ",myntra
2019-11-24 04:12:55+00:00,"Hi Prabhakar! We see that there has been a prolonged delay, and we understand that the wait can be frustrating. Please be assured the refund of Rs. 912.45/- is processed to source account on 15-Nov-2019 and the same will be reflecting in (cont) http://srkl.in/l/6014BIhcnq",myntra
2019-11-24 04:06:24+00:00,@myntra more than 2000 hours spent of tweet we have not got refund of tweet no response My Order in sep2019 Order no.: 1121645-5517250-6871001 has not been delivered yet pl deliver it Thanx prabhakar 9415049642,myntra
2019-11-24 04:02:57+00:00,"Gordon, we realize that it wasn't the perfect experience, and we never wanted to trouble you. Please be assured we have highlighted the concern with regards to the pickup of the product and one of our case managers will get back to you (cont) http://srkl.in/l/6011BIhcV5",myntra
2019-11-24 04:01:34+00:00,Filpkart Amazon Myntra par to milega lekin not sure about counters sale,myntra
2019-11-24 03:54:14+00:00,We have responded to your DM! -CP,myntra
2019-11-24 03:51:35+00:00,Now wait 7 days now. Most of it is dirty sarvice,myntra
2019-11-24 03:34:20+00:00,Hi there! Thank you for reaching out to us. We understand you wish to reset the password and are unable to do the same. Kindly give us a chance to look into it. Please DM us your registered email id so that we can have a check on the same and assist you accordingly. -PB,myntra
2019-11-24 03:29:23+00:00,Hey @myntra I can't seem to reset my password ,myntra
2019-11-24 03:24:07+00:00,"Prakash, we realize that it wasn't the perfect experience, and we never wanted to trouble you. Unfortunately due to unavoidable delivery constraint, the order had to be returned to us. Also, we have highlighted your concern with regards (cont) http://srkl.in/l/6013BIhcuS",myntra
2019-11-24 03:18:30+00:00,Download for LATEST fashion sale https://bit.ly/2OcJPjh #myntrafashionsuperstar #myntra #fashionista #fashion #sale #discountoffer,myntra
2019-11-24 03:14:52+00:00,Quick outfit tip Going out with your girls? Pair up your wrap top with your favorite pair of jeans and accessorize with a pair of hoops. Done! You are good to go Wrap top from @myntra Jeans from @ajiolife https://www.instagram.com/p/B5O5MRDlfWc/?igshid=1bnejl6b7mr6c,myntra
2019-11-24 03:09:50+00:00,"@myntra not follow basic guideline , item got return within 1 day without informed customer , report to customer escalation desk , spoke to manager (kalmesh) but didn't help after having bad conversation at around 1 hrs ",myntra
2019-11-24 03:00:51+00:00,Hahahahaha brilliant,myntra
2019-11-24 02:29:52+00:00,"Hi Vinay! Customer satisfaction is always a number one priority for us. Please DM us the respective order number, so that we can help you by giving the best possible resolution. -CP https://twitter.com/messages/compose?recipient_id=89443197",myntra
2019-11-24 02:15:22+00:00,"@myntra @MyntraSupport Myntra is the messiest in this country. Once it takes money, it takes 10 days to refund",myntra
2019-11-24 01:43:06+00:00,"Good Morning, Abhi! Apologies for the delay and the hassle that you had to go through. At Myntra we believe in going above and beyond, which involves bringing you products of the best quality as all the items are (cont) http://srkl.in/l/6011BIhcyl",myntra
2019-11-24 00:02:41+00:00,"We definitely did not intend for you to feel this way. We value you and always strive to bring the best for our customers. We have arranged for a call from one of our case managers, and they connect with you to discuss the issue today between (cont) http://srkl.in/l/6017BIhc1J",myntra
